depth,ucs,misplaced,manhattan
21,0.7412811999965925,0.06652839999878779,0.010668300004908815
20,0.41673189999710303,0.041210199997294694,0.005608000006759539
21,0.7853754000097979,0.07634029998735059,0.011308100001770072
23,1.093471900006989,0.1582668999908492,0.013361799996346235
21,0.6681925000011688,0.06421409999893513,0.00894010000047274
20,0.43653140000242274,0.03840869999839924,0.0073810999892884865
